{"layer_depth_00": [7.476637840270996, 99.99909210205078], "layer_depth_01": [3.883495807647705, 7.476653575897217], "layer_depth_02": [2.622951030731201, 3.8835015296936035], "layer_depth_03": [1.9801981449127197, 2.6229538917541504], "layer_depth_04": [1.5904573202133179, 1.980199933052063], "layer_depth_05": [1.3289042711257935, 1.5904585123062134], "layer_depth_06": [1.141226887702942, 1.328904628753662], "layer_depth_07": [1.0, 1.1412274837493896], "frame_size": [720, 1280], "extrinsic_re": [0.9715398550033569, -0.0038773193955421448, -0.23684430122375488, -0.006498752627521753, 0.0019981488585472107, 0.9999645948410034, -0.008173728361725807, -0.00038632890209555626, 0.23686760663986206, 0.007467852905392647, 0.9715132117271423, -0.005330853164196014], "intrinsics_re": [0.764320969581604, 0.0, 0.5085044503211975, 0.0, 1.358792781829834, 0.5128100514411926, 0.0, 0.0, 1.0]}