{"layer_depth_00": [7.476637840270996, 51.10974884033203], "layer_depth_01": [3.883495807647705, 7.476653099060059], "layer_depth_02": [2.622951030731201, 3.8835015296936035], "layer_depth_03": [1.9801981449127197, 2.6229538917541504], "layer_depth_04": [1.5904573202133179, 1.980199933052063], "layer_depth_05": [1.3289036750793457, 1.5904585123062134], "layer_depth_06": [1.141226887702942, 1.328904628753662], "layer_depth_07": [1.0, 1.1412274837493896], "frame_size": [720, 1280], "extrinsic_re": [0.9996515512466431, 0.004135750234127045, 0.026070578023791313, -0.07680875808000565, -0.003959678113460541, 0.9999690055847168, -0.006801694631576538, -0.0011465954594314098, -0.026097899302840233, 0.006696093827486038, 0.9996369481086731, 0.0016993227181956172], "intrinsics_re": [0.8927890658378601, 0.0, 0.4966725707054138, 0.0, 1.5871806144714355, 0.41419652104377747, 0.0, 0.0, 1.0]}